<?xml version="1.0" encoding="UTF-8"?>
<project-private xmlns="http://www.netbeans.org/ns/project-private/1">
    <editor-bookmarks xmlns="http://www.netbeans.org/ns/editor-bookmarks/2" lastBookmarkId="0"/>
    <open-files xmlns="http://www.netbeans.org/ns/projectui-open-files/2">
        <group>
            <file>file:/C:/Users/25666/Desktop/pryDocente%20(1)/pryDocente/src/capaCliente/FrmRegistro.java</file>
            <file>file:/C:/Users/25666/Desktop/pryDocente%20(1)/pryDocente/src/capaCliente/ApInicio.java</file>
            <file>file:/C:/Users/25666/Desktop/pryDocente%20(1)/pryDocente/src/capaCliente/ApDocente.java</file>
            <file>file:/C:/Users/25666/Desktop/pryDocente%20(1)/pryDocente/src/Imagenes/1200px-User_icon_2.svg.png</file>
            <file>file:/C:/Users/25666/Desktop/pryDocente%20(1)/pryDocente/src/Imagenes/UwUJosue.png</file>
            <file>file:/C:/Users/25666/Desktop/pryDocente%20(1)/pryDocente/src/capaDatos/ListaUsuario.java</file>
            <file>file:/C:/Users/25666/Desktop/pryDocente%20(1)/pryDocente/src/capaLogica/Usuario.java</file>
            <file>file:/C:/Users/25666/Desktop/pryDocente%20(1)/pryDocente/src/capaCliente/FrmAgregar.java</file>
            <file>file:/C:/Users/25666/Desktop/pryDocente%20(1)/pryDocente/src/capaCliente/FrmFormulario.java</file>
            <file>file:/C:/Users/25666/Desktop/pryDocente%20(1)/pryDocente/src/capaCliente/FrmInicio.java</file>
            <file>file:/C:/Users/25666/Desktop/pryDocente%20(1)/pryDocente/src/capaDatos/ListaDocente.java</file>
            <file>file:/C:/Users/25666/Desktop/pryDocente%20(1)/pryDocente/src/capaLogica/Docente.java</file>
            <file>file:/C:/Users/25666/Desktop/pryDocente%20(1)/pryDocente/src/capaCliente/Formulario.java</file>
            <file>file:/C:/Users/25666/Desktop/pryDocente%20(1)/pryDocente/src/capaCliente/FrmNuevoDocente.java</file>
            <file>file:/C:/Users/25666/Desktop/pryDocente%20(1)/pryDocente/src/Imagenes/Logo.png</file>
            <file>file:/C:/Users/25666/Desktop/pryDocente%20(1)/pryDocente/src/capaCliente/FrmMenuPrincipal.java</file>
        </group>
    </open-files>
</project-private>
